<?xml version="1.0" encoding="UTF-8" ?>
<XMLDB PATH="blocks/attendanc/db" VERSION="20201122" COMMENT="XMLDB file for Moodle blocks/attendanc"
    xmlns:xsi="http://www.w3.org/2001/XMLSchema-instance"
    xsi:noNamespaceSchemaLocation="../../../lib/xmldb/xmldb.xsd"
>
  <TABLES>
    <TABLE NAME="attendance" COMMENT="attendance form">
      <FIELDS>
        <FIELD NAME="id" TYPE="int" LENGTH="10" NOTNULL="true" SEQUENCE="true"/>
              <FIELD NAME="user_id" TYPE="int" LENGTH="10" />
        <FIELD NAME="name" TYPE="text" NOTNULL="true" SEQUENCE="false" COMMENT="username"/>
        <FIELD NAME="coursename" TYPE="text" NOTNULL="true" SEQUENCE="false" COMMENT="coursename"/>

        <FIELD NAME="coursedate" TYPE="text" NOTNULL="true" SEQUENCE="false" COMMENT="coursedate"/>
		        <FIELD NAME="starttime" TYPE="text" NOTNULL="true" SEQUENCE="false" COMMENT="starttime"/>					        <FIELD NAME="endtime" TYPE="text" NOTNULL="true" SEQUENCE="false" COMMENT="endtime"/>
	       <FIELD NAME="college" TYPE="text" NOTNULL="true" SEQUENCE="false" COMMENT="college"/>
		    <FIELD NAME="specialization" TYPE="text" NOTNULL="true" SEQUENCE="false" COMMENT="specialization"/>
		    <FIELD NAME="group" TYPE="text" NOTNULL="true" SEQUENCE="false" COMMENT="group"/>
		    <FIELD NAME="no" TYPE="text" NOTNULL="true" SEQUENCE="false" COMMENT="no"/>
					    <FIELD NAME="usertext" TYPE="text" NOTNULL="false" SEQUENCE="false" COMMENT="usertext"/>


								



      </FIELDS>
      <KEYS>
        <KEY NAME="primary" TYPE="primary" FIELDS="id"/>
      </KEYS>
    </TABLE>
      </TABLES>
</XMLDB>